{
  "musique": {
    "flat-rag": {
      "aggregate": {
        "support_f1": {
          "mean": 0.45376984126984127,
          "min": 0.0,
          "max": 0.888888888888889,
          "count": 100
        },
        "recall@1": {
          "mean": 0.32666666666666666,
          "min": 0.0,
          "max": 0.5,
          "count": 100
        },
        "precision@1": {
          "mean": 0.76,
          "min": 0.0,
          "max": 1.0,
          "count": 100
        },
        "recall@3": {
          "mean": 0.5891666666666666,
          "min": 0.0,
          "max": 1.0,
          "count": 100
        },
        "precision@3": {
          "mean": 0.48,
          "min": 0.0,
          "max": 1.0,
          "count": 100
        },
        "recall@5": {
          "mean": 0.6916666666666668,
          "min": 0.0,
          "max": 1.0,
          "count": 100
        },
        "precision@5": {
          "mean": 0.34600000000000003,
          "min": 0.0,
          "max": 0.8,
          "count": 100
        }
      },
      "n_examples": 100
    },
    "graph-only": {
      "aggregate": {
        "support_f1": {
          "mean": 0.4531349206349206,
          "min": 0.0,
          "max": 0.888888888888889,
          "count": 100
        },
        "recall@1": {
          "mean": 0.32666666666666666,
          "min": 0.0,
          "max": 0.5,
          "count": 100
        },
        "precision@1": {
          "mean": 0.76,
          "min": 0.0,
          "max": 1.0,
          "count": 100
        },
        "recall@3": {
          "mean": 0.5891666666666666,
          "min": 0.0,
          "max": 1.0,
          "count": 100
        },
        "precision@3": {
          "mean": 0.48,
          "min": 0.0,
          "max": 1.0,
          "count": 100
        },
        "recall@5": {
          "mean": 0.6891666666666667,
          "min": 0.0,
          "max": 1.0,
          "count": 100
        },
        "precision@5": {
          "mean": 0.34600000000000003,
          "min": 0.0,
          "max": 0.8,
          "count": 100
        }
      },
      "n_examples": 100
    },
    "loqi-no-triggers": {
      "aggregate": {
        "support_f1": {
          "mean": 0.4531349206349206,
          "min": 0.0,
          "max": 0.888888888888889,
          "count": 100
        },
        "recall@1": {
          "mean": 0.32666666666666666,
          "min": 0.0,
          "max": 0.5,
          "count": 100
        },
        "precision@1": {
          "mean": 0.76,
          "min": 0.0,
          "max": 1.0,
          "count": 100
        },
        "recall@3": {
          "mean": 0.5891666666666666,
          "min": 0.0,
          "max": 1.0,
          "count": 100
        },
        "precision@3": {
          "mean": 0.48,
          "min": 0.0,
          "max": 1.0,
          "count": 100
        },
        "recall@5": {
          "mean": 0.6891666666666667,
          "min": 0.0,
          "max": 1.0,
          "count": 100
        },
        "precision@5": {
          "mean": 0.34600000000000003,
          "min": 0.0,
          "max": 0.8,
          "count": 100
        }
      },
      "n_examples": 100
    },
    "loqi-no-diffuse": {
      "aggregate": {
        "support_f1": {
          "mean": 0.4531349206349206,
          "min": 0.0,
          "max": 0.888888888888889,
          "count": 100
        },
        "recall@1": {
          "mean": 0.32666666666666666,
          "min": 0.0,
          "max": 0.5,
          "count": 100
        },
        "precision@1": {
          "mean": 0.76,
          "min": 0.0,
          "max": 1.0,
          "count": 100
        },
        "recall@3": {
          "mean": 0.5891666666666666,
          "min": 0.0,
          "max": 1.0,
          "count": 100
        },
        "precision@3": {
          "mean": 0.48,
          "min": 0.0,
          "max": 1.0,
          "count": 100
        },
        "recall@5": {
          "mean": 0.6891666666666667,
          "min": 0.0,
          "max": 1.0,
          "count": 100
        },
        "precision@5": {
          "mean": 0.34600000000000003,
          "min": 0.0,
          "max": 0.8,
          "count": 100
        }
      },
      "n_examples": 100
    },
    "loqi-no-hebbian": {
      "aggregate": {
        "support_f1": {
          "mean": 0.4531349206349206,
          "min": 0.0,
          "max": 0.888888888888889,
          "count": 100
        },
        "recall@1": {
          "mean": 0.32666666666666666,
          "min": 0.0,
          "max": 0.5,
          "count": 100
        },
        "precision@1": {
          "mean": 0.76,
          "min": 0.0,
          "max": 1.0,
          "count": 100
        },
        "recall@3": {
          "mean": 0.5891666666666666,
          "min": 0.0,
          "max": 1.0,
          "count": 100
        },
        "precision@3": {
          "mean": 0.48,
          "min": 0.0,
          "max": 1.0,
          "count": 100
        },
        "recall@5": {
          "mean": 0.6891666666666667,
          "min": 0.0,
          "max": 1.0,
          "count": 100
        },
        "precision@5": {
          "mean": 0.34600000000000003,
          "min": 0.0,
          "max": 0.8,
          "count": 100
        }
      },
      "n_examples": 100
    },
    "loqi-full": {
      "aggregate": {
        "support_f1": {
          "mean": 0.4531349206349206,
          "min": 0.0,
          "max": 0.888888888888889,
          "count": 100
        },
        "recall@1": {
          "mean": 0.32666666666666666,
          "min": 0.0,
          "max": 0.5,
          "count": 100
        },
        "precision@1": {
          "mean": 0.76,
          "min": 0.0,
          "max": 1.0,
          "count": 100
        },
        "recall@3": {
          "mean": 0.5891666666666666,
          "min": 0.0,
          "max": 1.0,
          "count": 100
        },
        "precision@3": {
          "mean": 0.48,
          "min": 0.0,
          "max": 1.0,
          "count": 100
        },
        "recall@5": {
          "mean": 0.6891666666666667,
          "min": 0.0,
          "max": 1.0,
          "count": 100
        },
        "precision@5": {
          "mean": 0.34600000000000003,
          "min": 0.0,
          "max": 0.8,
          "count": 100
        }
      },
      "n_examples": 100
    }
  },
  "trigger": {
    "flat-rag": {
      "trigger_recall": {
        "mean": 0.2,
        "min": 0.0,
        "max": 1.0,
        "count": 25
      },
      "trigger_precision": {
        "mean": 1.0,
        "min": 1.0,
        "max": 1.0,
        "count": 25
      }
    },
    "graph-only": {
      "trigger_recall": {
        "mean": 0.2,
        "min": 0.0,
        "max": 1.0,
        "count": 25
      },
      "trigger_precision": {
        "mean": 1.0,
        "min": 1.0,
        "max": 1.0,
        "count": 25
      }
    },
    "loqi-no-triggers": {
      "trigger_recall": {
        "mean": 0.2,
        "min": 0.0,
        "max": 1.0,
        "count": 25
      },
      "trigger_precision": {
        "mean": 1.0,
        "min": 1.0,
        "max": 1.0,
        "count": 25
      }
    },
    "loqi-no-diffuse": {
      "trigger_recall": {
        "mean": 0.6666666666666667,
        "min": 0.0,
        "max": 1.0,
        "count": 25
      },
      "trigger_precision": {
        "mean": 0.9166666666666667,
        "min": 0.0,
        "max": 1.0,
        "count": 25
      }
    },
    "loqi-no-hebbian": {
      "trigger_recall": {
        "mean": 0.6666666666666667,
        "min": 0.0,
        "max": 1.0,
        "count": 25
      },
      "trigger_precision": {
        "mean": 0.9166666666666667,
        "min": 0.0,
        "max": 1.0,
        "count": 25
      }
    },
    "loqi-full": {
      "trigger_recall": {
        "mean": 0.6666666666666667,
        "min": 0.0,
        "max": 1.0,
        "count": 25
      },
      "trigger_precision": {
        "mean": 0.9166666666666667,
        "min": 0.0,
        "max": 1.0,
        "count": 25
      }
    }
  }
}