{
  "n_examples": 50,
  "scores_learning_on": [
    0.5,
    0.5,
    0.0,
    0.5,
    0.5,
    1.0,
    0.5,
    0.6666666666666666,
    1.0,
    0.5,
    0.5,
    0.5,
    1.0,
    0.5,
    0.5,
    1.0,
    0.5,
    0.5,
    1.0,
    0.5,
    0.75,
    1.0,
    1.0,
    0.3333333333333333,
    0.5,
    0.6666666666666666,
    0.5,
    1.0,
    0.0,
    0.5,
    1.0,
    0.5,
    0.5,
    1.0,
    1.0,
    1.0,
    0.6666666666666666,
    0.5,
    1.0,
    0.5,
    0.5,
    0.5,
    1.0,
    1.0,
    1.0,
    0.5,
    1.0,
    0.25,
    1.0,
    0.6666666666666666
  ],
  "scores_learning_off": [
    0.5,
    0.5,
    0.0,
    0.5,
    0.5,
    1.0,
    0.5,
    0.6666666666666666,
    1.0,
    0.5,
    0.5,
    0.5,
    1.0,
    0.5,
    0.5,
    1.0,
    0.5,
    0.5,
    1.0,
    0.5,
    0.75,
    1.0,
    1.0,
    0.3333333333333333,
    0.5,
    0.6666666666666666,
    0.5,
    1.0,
    0.0,
    0.5,
    1.0,
    0.5,
    0.5,
    1.0,
    1.0,
    1.0,
    0.6666666666666666,
    0.5,
    1.0,
    0.5,
    0.5,
    0.5,
    1.0,
    1.0,
    1.0,
    0.5,
    1.0,
    0.25,
    1.0,
    0.6666666666666666
  ],
  "scores_stateless": [
    0.5,
    0.5,
    0.0,
    0.5,
    0.5,
    1.0,
    0.5,
    0.6666666666666666,
    1.0,
    0.5,
    0.5,
    0.5,
    1.0,
    0.5,
    0.5,
    1.0,
    0.5,
    0.5,
    1.0,
    0.5,
    0.75,
    1.0,
    1.0,
    0.3333333333333333,
    0.5,
    0.6666666666666666,
    0.5,
    1.0,
    0.0,
    0.5,
    1.0,
    0.5,
    0.5,
    1.0,
    1.0,
    1.0,
    0.6666666666666666,
    0.5,
    1.0,
    0.5,
    0.5,
    0.5,
    1.0,
    1.0,
    1.0,
    0.5,
    1.0,
    0.25,
    1.0,
    0.6666666666666666
  ],
  "running_avg_on": [
    0.5,
    0.5,
    0.3333333333333333,
    0.375,
    0.4,
    0.5,
    0.5,
    0.5208333333333334,
    0.5740740740740741,
    0.5666666666666667,
    0.5666666666666667,
    0.5666666666666667,
    0.6666666666666667,
    0.6666666666666667,
    0.6666666666666667,
    0.6666666666666667,
    0.6666666666666667,
    0.65,
    0.65,
    0.65,
    0.675,
    0.725,
    0.725,
    0.7083333333333333,
    0.7083333333333333,
    0.675,
    0.675,
    0.725,
    0.625,
    0.625,
    0.65,
    0.6,
    0.55,
    0.6166666666666667,
    0.6666666666666667,
    0.7,
    0.7166666666666667,
    0.6666666666666667,
    0.7666666666666667,
    0.7666666666666667,
    0.7166666666666667,
    0.7166666666666667,
    0.7666666666666667,
    0.7666666666666667,
    0.7666666666666667,
    0.7166666666666667,
    0.75,
    0.725,
    0.725,
    0.7416666666666667
  ],
  "running_avg_off": [
    0.5,
    0.5,
    0.3333333333333333,
    0.375,
    0.4,
    0.5,
    0.5,
    0.5208333333333334,
    0.5740740740740741,
    0.5666666666666667,
    0.5666666666666667,
    0.5666666666666667,
    0.6666666666666667,
    0.6666666666666667,
    0.6666666666666667,
    0.6666666666666667,
    0.6666666666666667,
    0.65,
    0.65,
    0.65,
    0.675,
    0.725,
    0.725,
    0.7083333333333333,
    0.7083333333333333,
    0.675,
    0.675,
    0.725,
    0.625,
    0.625,
    0.65,
    0.6,
    0.55,
    0.6166666666666667,
    0.6666666666666667,
    0.7,
    0.7166666666666667,
    0.6666666666666667,
    0.7666666666666667,
    0.7666666666666667,
    0.7166666666666667,
    0.7166666666666667,
    0.7666666666666667,
    0.7666666666666667,
    0.7666666666666667,
    0.7166666666666667,
    0.75,
    0.725,
    0.725,
    0.7416666666666667
  ],
  "running_avg_reset": [
    0.5,
    0.5,
    0.3333333333333333,
    0.375,
    0.4,
    0.5,
    0.5,
    0.5208333333333334,
    0.5740740740740741,
    0.5666666666666667,
    0.5666666666666667,
    0.5666666666666667,
    0.6666666666666667,
    0.6666666666666667,
    0.6666666666666667,
    0.6666666666666667,
    0.6666666666666667,
    0.65,
    0.65,
    0.65,
    0.675,
    0.725,
    0.725,
    0.7083333333333333,
    0.7083333333333333,
    0.675,
    0.675,
    0.725,
    0.625,
    0.625,
    0.65,
    0.6,
    0.55,
    0.6166666666666667,
    0.6666666666666667,
    0.7,
    0.7166666666666667,
    0.6666666666666667,
    0.7666666666666667,
    0.7666666666666667,
    0.7166666666666667,
    0.7166666666666667,
    0.7666666666666667,
    0.7666666666666667,
    0.7666666666666667,
    0.7166666666666667,
    0.75,
    0.725,
    0.725,
    0.7416666666666667
  ]
}